timestamp,device_id,location,pm2_5,pm10,no2,so2,co,battery,status
2025-11-28T17:35:32.304490,AIIMS_Delhi,AIIMS Delhi,84.18,128.94,24.58,26.1,0.55,67.0,IDLE
2025-11-28T17:35:32.305518,Anand_Vihar,Anand Vihar,108.62,158.73,55.26,11.32,2.09,67.4,IDLE
2025-11-28T17:35:32.306288,Chandni_Chowk,Chandni Chowk,147.28,231.82,29.15,16.97,2.69,73.7,ACTIVE
2025-11-28T17:35:32.307086,Connaught_Place,Connaught Place,125.2,176.51,44.04,20.18,1.53,73.1,IDLE
2025-11-28T17:35:32.307874,Dwarka,Dwarka,150.0,227.75,53.33,21.57,0.67,44.4,IDLE
2025-11-28T17:35:32.308641,Gurugram,Gurugram,130.86,214.4,32.98,23.13,1.9,61.7,IDLE
2025-11-28T17:35:32.309470,Noida_Sector_62,Noida Sector 62,96.33,168.13,57.1,39.24,2.07,60.5,IDLE
2025-11-28T17:35:32.310252,Greater_Noida,Greater Noida,164.28,254.82,69.75,13.27,2.91,63.1,ACTIVE
2025-11-28T17:35:32.311259,Faridabad,Faridabad,74.96,112.65,44.59,23.48,1.65,58.7,IDLE
2025-11-28T17:35:32.312033,Ghaziabad,Ghaziabad,64.64,109.22,50.55,18.78,1.99,43.3,IDLE
2025-11-28T17:35:32.312803,Lodhi_Road,Lodhi Road,126.5,208.71,55.04,10.66,0.68,87.8,IDLE
2025-11-28T17:35:32.313557,Vasant_Kunj,Vasant Kunj,171.05,269.56,40.65,24.77,2.5,85.6,ACTIVE
2025-11-28T17:35:32.314318,Aravalli_Biodiversity_Park,Aravalli Biodiversity Park,23.37,51.18,14.35,7.25,0.38,74.9,IDLE
2025-11-28T17:35:32.315113,Sanjay_Van,Sanjay Van,25.16,41.99,17.32,6.6,0.24,42.6,IDLE
2025-11-28T17:35:37.318466,AIIMS_Delhi,AIIMS Delhi,95.13,141.63,38.4,24.96,1.82,64.7,IDLE
2025-11-28T17:35:37.319749,Anand_Vihar,Anand Vihar,136.12,219.17,75.91,20.24,1.82,66.4,ACTIVE
2025-11-28T17:35:37.320674,Chandni_Chowk,Chandni Chowk,154.91,239.33,55.26,22.56,1.17,71.8,ACTIVE
2025-11-28T17:35:37.321568,Connaught_Place,Connaught Place,159.05,234.65,70.84,35.18,2.57,70.5,ACTIVE
2025-11-28T17:35:37.322405,Dwarka,Dwarka,74.51,117.12,76.87,13.88,1.02,43.0,ACTIVE
2025-11-28T17:35:37.323304,Gurugram,Gurugram,93.24,135.32,55.59,30.85,2.09,60.5,IDLE
2025-11-28T17:35:37.324144,Noida_Sector_62,Noida Sector 62,81.22,135.07,32.95,30.86,0.55,57.9,IDLE
2025-11-28T17:35:37.324999,Greater_Noida,Greater Noida,137.6,229.08,27.67,28.58,0.69,60.7,IDLE
2025-11-28T17:35:37.325818,Faridabad,Faridabad,82.62,117.86,70.62,20.01,0.94,57.0,ACTIVE
2025-11-28T17:35:37.326815,Ghaziabad,Ghaziabad,99.86,149.71,60.19,25.4,1.32,41.3,ACTIVE
2025-11-28T17:35:37.327609,Lodhi_Road,Lodhi Road,158.49,260.36,54.88,11.09,2.43,85.4,ACTIVE
2025-11-28T17:35:37.328355,Vasant_Kunj,Vasant Kunj,115.42,189.25,35.77,33.01,2.39,83.9,IDLE
2025-11-28T17:35:37.329154,Aravalli_Biodiversity_Park,Aravalli Biodiversity Park,25.39,54.61,13.11,9.43,0.5,73.9,IDLE
2025-11-28T17:35:37.329899,Sanjay_Van,Sanjay Van,11.99,43.02,6.74,6.18,0.43,40.7,IDLE
2025-11-28T17:35:42.332937,AIIMS_Delhi,AIIMS Delhi,148.72,233.32,39.59,38.22,0.91,62.8,IDLE
2025-11-28T17:35:42.334450,Anand_Vihar,Anand Vihar,101.41,147.81,35.8,14.17,2.6,63.8,ACTIVE
2025-11-28T17:35:42.335362,Chandni_Chowk,Chandni Chowk,72.06,125.15,45.54,14.69,0.93,69.1,IDLE
2025-11-28T17:35:42.336185,Connaught_Place,Connaught Place,75.76,127.04,77.08,16.47,1.64,68.1,ACTIVE
2025-11-28T17:35:42.337099,Dwarka,Dwarka,72.18,127.51,58.5,38.71,2.25,40.7,IDLE
2025-11-28T17:35:42.337982,Gurugram,Gurugram,96.0,147.21,50.75,15.6,1.5,58.0,IDLE
2025-11-28T17:35:42.339081,Noida_Sector_62,Noida Sector 62,172.53,252.82,42.7,33.27,1.59,56.6,ACTIVE
2025-11-28T17:35:42.339934,Greater_Noida,Greater Noida,138.24,226.46,53.41,39.9,1.31,59.0,IDLE
2025-11-28T17:35:42.340939,Faridabad,Faridabad,155.69,264.11,45.12,39.52,0.99,55.0,ACTIVE
2025-11-28T17:35:42.341743,Ghaziabad,Ghaziabad,173.02,255.04,25.86,14.5,1.03,38.5,ACTIVE
2025-11-28T17:35:42.342515,Lodhi_Road,Lodhi Road,76.05,130.72,52.85,26.02,1.25,83.6,IDLE
2025-11-28T17:35:42.343237,Vasant_Kunj,Vasant Kunj,117.1,167.28,58.43,35.77,0.96,82.2,IDLE
2025-11-28T17:35:42.343971,Aravalli_Biodiversity_Park,Aravalli Biodiversity Park,28.96,48.14,7.5,5.91,0.46,72.9,IDLE
2025-11-28T17:35:42.344758,Sanjay_Van,Sanjay Van,22.46,47.82,14.99,7.05,0.53,38.9,IDLE
2025-11-28T17:35:47.361241,AIIMS_Delhi,AIIMS Delhi,90.86,153.75,46.4,17.38,1.95,60.7,IDLE
2025-11-28T17:35:47.362749,Anand_Vihar,Anand Vihar,89.67,142.76,34.11,12.57,1.66,62.0,IDLE
2025-11-28T17:35:47.363843,Chandni_Chowk,Chandni Chowk,101.21,164.2,68.05,16.08,0.75,67.3,ACTIVE
2025-11-28T17:35:47.364693,Connaught_Place,Connaught Place,138.56,222.58,33.3,16.49,2.66,65.4,ACTIVE
2025-11-28T17:35:47.365528,Dwarka,Dwarka,109.72,175.78,66.13,16.6,1.2,39.6,ACTIVE
2025-11-28T17:35:47.366260,Gurugram,Gurugram,103.61,170.98,29.12,15.03,1.36,56.9,IDLE
2025-11-28T17:35:47.367076,Noida_Sector_62,Noida Sector 62,167.88,297.87,22.74,16.9,2.39,55.0,ACTIVE
2025-11-28T17:35:47.367892,Greater_Noida,Greater Noida,125.95,202.5,79.68,18.07,1.25,56.5,ACTIVE
2025-11-28T17:35:47.368619,Faridabad,Faridabad,62.43,108.12,46.55,11.31,1.15,52.6,IDLE
2025-11-28T17:35:47.369363,Ghaziabad,Ghaziabad,83.2,144.17,48.88,26.96,2.67,36.6,ACTIVE
2025-11-28T17:35:47.370056,Lodhi_Road,Lodhi Road,129.58,215.05,36.7,37.4,2.64,80.7,ACTIVE
2025-11-28T17:35:47.370765,Vasant_Kunj,Vasant Kunj,84.9,137.79,65.5,32.82,2.97,81.0,ACTIVE
2025-11-28T17:35:47.371448,Aravalli_Biodiversity_Park,Aravalli Biodiversity Park,22.67,54.77,6.33,8.39,0.71,70.0,IDLE
2025-11-28T17:35:47.372132,Sanjay_Van,Sanjay Van,23.77,21.58,16.36,6.17,0.82,36.5,IDLE
2025-11-28T17:35:52.375390,AIIMS_Delhi,AIIMS Delhi,62.91,108.36,61.21,32.16,0.52,58.6,ACTIVE
2025-11-28T17:35:52.377021,Anand_Vihar,Anand Vihar,122.59,181.49,28.91,33.63,2.76,60.0,ACTIVE
2025-11-28T17:35:52.378013,Chandni_Chowk,Chandni Chowk,135.23,216.29,23.65,26.38,1.28,65.1,IDLE
2025-11-28T17:35:52.378830,Connaught_Place,Connaught Place,120.41,168.76,34.54,12.15,1.6,62.8,IDLE
2025-11-28T17:35:52.379671,Dwarka,Dwarka,173.05,295.27,71.1,24.7,2.67,38.0,ACTIVE
2025-11-28T17:35:52.380488,Gurugram,Gurugram,133.76,217.52,59.32,17.39,1.62,54.8,IDLE
2025-11-28T17:35:52.381335,Noida_Sector_62,Noida Sector 62,105.57,176.73,56.66,24.48,2.2,54.0,IDLE
2025-11-28T17:35:52.382174,Greater_Noida,Greater Noida,69.16,122.79,21.87,12.2,2.83,54.4,ACTIVE
2025-11-28T17:35:52.382914,Faridabad,Faridabad,92.11,150.35,35.43,32.33,2.69,50.7,ACTIVE
2025-11-28T17:35:52.383621,Ghaziabad,Ghaziabad,88.01,157.45,47.14,17.83,0.6,34.9,IDLE
2025-11-28T17:35:52.384310,Lodhi_Road,Lodhi Road,154.54,260.4,78.51,17.18,2.88,78.4,ACTIVE
2025-11-28T17:35:52.385044,Vasant_Kunj,Vasant Kunj,100.93,150.11,38.21,27.97,2.22,78.4,IDLE
2025-11-28T17:35:52.385800,Aravalli_Biodiversity_Park,Aravalli Biodiversity Park,17.02,27.92,19.91,9.12,0.51,67.7,IDLE
2025-11-28T17:35:52.386521,Sanjay_Van,Sanjay Van,23.55,47.99,11.5,8.18,0.23,33.5,IDLE
2025-11-28T17:35:57.390053,AIIMS_Delhi,AIIMS Delhi,136.02,215.67,58.83,21.59,2.31,57.2,IDLE
2025-11-28T17:35:57.391250,Anand_Vihar,Anand Vihar,111.6,185.79,46.62,28.8,1.55,58.3,IDLE
2025-11-28T17:35:57.392220,Chandni_Chowk,Chandni Chowk,124.75,190.04,53.57,16.16,2.71,62.5,ACTIVE
2025-11-28T17:35:57.393030,Connaught_Place,Connaught Place,170.21,270.03,59.52,10.51,1.79,60.5,ACTIVE
2025-11-28T17:35:57.393950,Dwarka,Dwarka,124.03,219.07,41.09,13.59,2.54,35.5,ACTIVE
2025-11-28T17:35:57.394847,Gurugram,Gurugram,153.41,232.24,56.71,30.56,2.01,53.7,ACTIVE
2025-11-28T17:35:57.395763,Noida_Sector_62,Noida Sector 62,131.24,205.76,20.13,33.25,0.82,52.2,IDLE
2025-11-28T17:35:57.396586,Greater_Noida,Greater Noida,134.52,237.86,70.47,11.39,2.13,53.3,ACTIVE
2025-11-28T17:35:57.397378,Faridabad,Faridabad,131.66,232.37,53.82,17.32,1.3,47.9,IDLE
2025-11-28T17:35:57.398157,Ghaziabad,Ghaziabad,92.15,160.3,55.42,35.59,1.96,32.9,IDLE
2025-11-28T17:35:57.398941,Lodhi_Road,Lodhi Road,77.02,118.84,79.17,38.43,2.46,75.7,ACTIVE
2025-11-28T17:35:57.399692,Vasant_Kunj,Vasant Kunj,107.69,181.57,49.1,10.36,0.99,76.8,IDLE
2025-11-28T17:35:57.400440,Aravalli_Biodiversity_Park,Aravalli Biodiversity Park,11.43,31.86,10.82,6.47,0.91,65.0,IDLE
2025-11-28T17:35:57.401169,Sanjay_Van,Sanjay Van,18.75,24.6,16.45,8.9,0.43,32.1,IDLE
2025-11-28T17:36:02.404322,AIIMS_Delhi,AIIMS Delhi,68.08,114.42,46.07,22.47,0.96,55.3,IDLE
2025-11-28T17:36:02.405506,Anand_Vihar,Anand Vihar,174.86,309.66,57.5,35.76,1.93,56.1,ACTIVE
2025-11-28T17:36:02.406399,Chandni_Chowk,Chandni Chowk,163.05,251.35,27.78,30.16,1.34,59.9,ACTIVE
2025-11-28T17:36:02.407274,Connaught_Place,Connaught Place,78.27,115.65,76.97,38.01,1.76,58.2,ACTIVE
2025-11-28T17:36:02.408079,Dwarka,Dwarka,72.98,117.94,20.5,35.69,1.44,34.2,IDLE
2025-11-28T17:36:02.408864,Gurugram,Gurugram,73.09,113.11,47.42,10.75,1.94,51.2,IDLE
2025-11-28T17:36:02.409615,Noida_Sector_62,Noida Sector 62,138.92,196.62,67.05,19.43,1.94,49.6,ACTIVE
2025-11-28T17:36:02.410352,Greater_Noida,Greater Noida,167.6,276.15,72.31,25.84,2.37,52.1,ACTIVE
2025-11-28T17:36:02.411087,Faridabad,Faridabad,162.61,245.35,66.73,23.08,2.81,46.0,ACTIVE
2025-11-28T17:36:02.411799,Ghaziabad,Ghaziabad,159.5,273.24,65.46,16.97,0.57,30.0,ACTIVE
2025-11-28T17:36:02.412480,Lodhi_Road,Lodhi Road,166.54,287.69,44.84,36.58,1.85,73.7,ACTIVE
2025-11-28T17:36:02.413214,Vasant_Kunj,Vasant Kunj,92.85,133.86,48.84,19.45,0.75,74.4,IDLE
2025-11-28T17:36:02.413918,Aravalli_Biodiversity_Park,Aravalli Biodiversity Park,26.59,15.15,19.79,5.86,0.35,63.3,IDLE
2025-11-28T17:36:02.414617,Sanjay_Van,Sanjay Van,19.53,24.31,11.95,6.49,0.87,29.9,IDLE
2025-11-28T17:36:07.417904,AIIMS_Delhi,AIIMS Delhi,174.68,304.03,58.26,26.45,1.98,52.5,ACTIVE
2025-11-28T17:36:07.419173,Anand_Vihar,Anand Vihar,102.61,182.61,76.53,22.84,1.18,53.6,ACTIVE
2025-11-28T17:36:07.420138,Chandni_Chowk,Chandni Chowk,91.14,129.61,69.69,25.76,0.53,58.1,ACTIVE
2025-11-28T17:36:07.421024,Connaught_Place,Connaught Place,64.59,114.93,20.79,10.3,2.49,55.9,IDLE
2025-11-28T17:36:07.421812,Dwarka,Dwarka,63.34,108.08,31.12,19.12,1.08,32.9,IDLE
2025-11-28T17:36:07.422560,Gurugram,Gurugram,150.21,212.6,23.52,38.6,2.27,48.9,ACTIVE
2025-11-28T17:36:07.423296,Noida_Sector_62,Noida Sector 62,164.96,283.32,20.78,23.81,2.58,48.4,ACTIVE
2025-11-28T17:36:07.424041,Greater_Noida,Greater Noida,170.99,282.15,42.56,10.48,1.95,50.8,ACTIVE
2025-11-28T17:36:07.424818,Faridabad,Faridabad,168.46,271.7,53.8,23.66,0.97,44.5,ACTIVE
2025-11-28T17:36:07.425695,Ghaziabad,Ghaziabad,179.15,276.71,28.22,38.98,1.72,28.9,ACTIVE
2025-11-28T17:36:07.426594,Lodhi_Road,Lodhi Road,126.04,214.3,67.44,39.83,2.65,71.9,ACTIVE
2025-11-28T17:36:07.427354,Vasant_Kunj,Vasant Kunj,127.38,195.47,28.72,25.9,2.57,72.3,ACTIVE
2025-11-28T17:36:07.428083,Aravalli_Biodiversity_Park,Aravalli Biodiversity Park,25.03,42.8,15.86,9.34,0.44,60.8,IDLE
2025-11-28T17:36:07.428792,Sanjay_Van,Sanjay Van,12.23,17.5,15.01,9.9,0.58,28.5,IDLE
2025-11-28T17:36:12.431677,AIIMS_Delhi,AIIMS Delhi,164.98,256.73,60.96,15.33,2.58,51.3,ACTIVE
2025-11-28T17:36:12.432870,Anand_Vihar,Anand Vihar,70.03,121.15,65.88,25.33,2.04,50.9,ACTIVE
2025-11-28T17:36:12.434004,Chandni_Chowk,Chandni Chowk,134.21,208.88,50.71,12.14,2.59,55.4,ACTIVE
2025-11-28T17:36:12.434859,Connaught_Place,Connaught Place,61.84,95.83,64.28,33.46,1.15,53.8,ACTIVE
2025-11-28T17:36:12.435631,Dwarka,Dwarka,102.17,166.5,62.2,25.04,1.02,30.4,ACTIVE
2025-11-28T17:36:12.436461,Gurugram,Gurugram,61.01,87.54,26.91,23.55,0.81,47.4,IDLE
2025-11-28T17:36:12.437310,Noida_Sector_62,Noida Sector 62,88.67,151.74,28.21,19.49,1.21,46.5,IDLE
2025-11-28T17:36:12.438140,Greater_Noida,Greater Noida,92.26,158.44,39.49,32.67,2.11,49.2,IDLE
2025-11-28T17:36:12.439141,Faridabad,Faridabad,95.34,133.48,34.9,19.79,1.3,42.2,IDLE
2025-11-28T17:36:12.440098,Ghaziabad,Ghaziabad,91.9,138.33,22.43,10.38,2.6,27.4,ACTIVE
2025-11-28T17:36:12.440922,Lodhi_Road,Lodhi Road,170.13,293.61,67.13,23.14,1.58,70.3,ACTIVE
2025-11-28T17:36:12.441701,Vasant_Kunj,Vasant Kunj,161.47,273.55,25.64,38.98,1.71,69.5,ACTIVE
2025-11-28T17:36:12.442496,Aravalli_Biodiversity_Park,Aravalli Biodiversity Park,18.74,42.22,13.92,9.6,0.9,58.5,IDLE
2025-11-28T17:36:12.443246,Sanjay_Van,Sanjay Van,27.89,21.87,14.98,5.3,0.67,27.2,IDLE
2025-11-28T17:36:17.446522,AIIMS_Delhi,AIIMS Delhi,129.0,194.73,77.66,15.73,2.47,49.1,ACTIVE
2025-11-28T17:36:17.447877,Anand_Vihar,Anand Vihar,86.8,130.43,76.48,30.64,2.83,48.9,ACTIVE
2025-11-28T17:36:17.448841,Chandni_Chowk,Chandni Chowk,141.67,214.32,52.93,19.51,2.58,53.6,ACTIVE
2025-11-28T17:36:17.449569,Connaught_Place,Connaught Place,150.13,239.41,66.82,18.01,2.11,51.4,ACTIVE
2025-11-28T17:36:17.450353,Dwarka,Dwarka,156.34,277.86,26.28,13.73,1.49,27.7,ACTIVE
2025-11-28T17:36:17.451076,Gurugram,Gurugram,142.54,209.05,28.95,22.82,2.31,45.8,IDLE
2025-11-28T17:36:17.451813,Noida_Sector_62,Noida Sector 62,99.57,158.71,60.17,28.04,1.83,43.5,ACTIVE
2025-11-28T17:36:17.452545,Greater_Noida,Greater Noida,83.55,145.78,69.12,19.76,0.8,48.0,ACTIVE
2025-11-28T17:36:17.453308,Faridabad,Faridabad,156.42,239.65,73.19,30.74,2.31,41.1,ACTIVE
2025-11-28T17:36:17.454016,Ghaziabad,Ghaziabad,75.12,112.94,49.55,13.29,1.82,25.4,IDLE
2025-11-28T17:36:17.454737,Lodhi_Road,Lodhi Road,123.54,209.46,41.95,26.5,0.77,67.9,IDLE
2025-11-28T17:36:17.455446,Vasant_Kunj,Vasant Kunj,143.91,231.17,72.09,33.81,2.5,67.3,ACTIVE
2025-11-28T17:36:17.456152,Aravalli_Biodiversity_Park,Aravalli Biodiversity Park,25.99,25.64,19.37,5.24,0.84,56.2,IDLE
2025-11-28T17:36:17.456897,Sanjay_Van,Sanjay Van,18.72,18.14,10.48,7.96,0.52,26.1,IDLE
2025-11-28T17:36:22.460061,AIIMS_Delhi,AIIMS Delhi,63.03,100.25,79.41,11.95,1.25,47.8,ACTIVE
2025-11-28T17:36:22.461281,Anand_Vihar,Anand Vihar,176.32,286.22,38.51,35.45,2.91,46.8,ACTIVE
2025-11-28T17:36:22.462730,Chandni_Chowk,Chandni Chowk,177.16,257.94,53.9,31.89,2.98,52.2,ACTIVE
2025-11-28T17:36:22.463515,Connaught_Place,Connaught Place,165.08,262.04,54.82,10.3,2.32,49.2,ACTIVE
2025-11-28T17:36:22.464325,Dwarka,Dwarka,162.4,268.48,37.18,23.95,1.82,26.3,ACTIVE
2025-11-28T17:36:22.465151,Gurugram,Gurugram,177.68,248.85,23.87,15.61,0.91,43.2,ACTIVE
2025-11-28T17:36:22.465908,Noida_Sector_62,Noida Sector 62,118.03,197.7,23.2,28.15,2.96,41.4,ACTIVE
2025-11-28T17:36:22.466718,Greater_Noida,Greater Noida,70.65,101.38,20.65,26.44,2.96,46.0,ACTIVE
2025-11-28T17:36:22.467451,Faridabad,Faridabad,130.8,222.32,61.09,34.48,2.68,39.7,ACTIVE
2025-11-28T17:36:22.468248,Ghaziabad,Ghaziabad,109.03,153.32,54.1,13.54,2.83,23.7,ACTIVE
2025-11-28T17:36:22.469072,Lodhi_Road,Lodhi Road,137.31,241.91,57.72,20.14,2.2,65.9,IDLE
2025-11-28T17:36:22.469790,Vasant_Kunj,Vasant Kunj,146.25,249.11,69.47,12.72,2.64,65.6,ACTIVE
2025-11-28T17:36:22.470495,Aravalli_Biodiversity_Park,Aravalli Biodiversity Park,9.37,42.72,5.71,8.75,0.62,53.8,IDLE
2025-11-28T17:36:22.471237,Sanjay_Van,Sanjay Van,16.12,40.96,6.66,5.77,0.36,24.2,IDLE
2025-11-28T17:36:27.474119,AIIMS_Delhi,AIIMS Delhi,71.52,108.09,65.32,23.49,1.98,45.8,ACTIVE
2025-11-28T17:36:27.475391,Anand_Vihar,Anand Vihar,107.3,171.41,70.12,14.93,1.41,44.8,ACTIVE
2025-11-28T17:36:27.476257,Chandni_Chowk,Chandni Chowk,70.31,111.17,58.64,33.94,0.68,50.5,IDLE
2025-11-28T17:36:27.477186,Connaught_Place,Connaught Place,75.42,126.2,57.27,17.59,1.54,46.7,IDLE
2025-11-28T17:36:27.478175,Dwarka,Dwarka,168.34,290.28,52.19,36.97,1.03,24.6,ACTIVE
2025-11-28T17:36:27.479106,Gurugram,Gurugram,122.64,188.7,72.66,11.24,1.77,41.5,ACTIVE
2025-11-28T17:36:27.480198,Noida_Sector_62,Noida Sector 62,168.94,295.37,58.33,32.49,2.13,39.8,ACTIVE
2025-11-28T17:36:27.481014,Greater_Noida,Greater Noida,81.23,128.76,28.36,19.86,1.01,43.2,IDLE
2025-11-28T17:36:27.481823,Faridabad,Faridabad,67.83,107.1,67.6,37.1,2.68,38.0,ACTIVE
2025-11-28T17:36:27.482564,Ghaziabad,Ghaziabad,82.49,141.51,40.83,11.35,2.83,20.9,ACTIVE
2025-11-28T17:36:27.483302,Lodhi_Road,Lodhi Road,172.36,247.15,39.21,29.28,2.68,63.1,ACTIVE
2025-11-28T17:36:27.484099,Vasant_Kunj,Vasant Kunj,177.54,258.86,76.85,38.55,2.01,63.4,ACTIVE
2025-11-28T17:36:27.484821,Aravalli_Biodiversity_Park,Aravalli Biodiversity Park,25.87,50.72,18.44,6.25,0.25,52.1,IDLE
2025-11-28T17:36:27.485530,Sanjay_Van,Sanjay Van,23.65,23.68,6.85,4.09,0.78,22.1,IDLE
2025-11-28T17:36:32.488687,AIIMS_Delhi,AIIMS Delhi,104.96,171.14,37.66,19.87,0.75,43.9,IDLE
2025-11-28T17:36:32.490042,Anand_Vihar,Anand Vihar,160.85,275.98,22.28,14.04,2.77,43.4,ACTIVE
2025-11-28T17:36:32.491012,Chandni_Chowk,Chandni Chowk,175.74,315.06,74.37,31.83,1.47,48.8,ACTIVE
2025-11-28T17:36:32.491871,Connaught_Place,Connaught Place,126.89,201.47,37.28,16.54,2.79,45.0,ACTIVE
2025-11-28T17:36:32.492697,Dwarka,Dwarka,110.42,156.54,25.36,31.09,0.54,22.4,IDLE
2025-11-28T17:36:32.493607,Gurugram,Gurugram,112.15,197.05,37.2,30.86,0.54,39.8,IDLE
2025-11-28T17:36:32.494600,Noida_Sector_62,Noida Sector 62,141.52,231.28,37.79,19.79,1.69,38.3,IDLE
2025-11-28T17:36:32.495460,Greater_Noida,Greater Noida,103.12,166.54,39.72,30.78,0.74,41.4,IDLE
2025-11-28T17:36:32.496246,Faridabad,Faridabad,109.65,184.88,35.98,33.92,0.89,35.2,IDLE
2025-11-28T17:36:32.497048,Ghaziabad,Ghaziabad,166.42,251.49,26.95,38.42,2.85,18.6,CRITICAL
2025-11-28T17:36:32.497815,Lodhi_Road,Lodhi Road,61.61,95.2,27.93,24.87,1.89,61.1,IDLE
2025-11-28T17:36:32.498632,Vasant_Kunj,Vasant Kunj,153.75,238.37,43.73,15.25,2.22,61.9,ACTIVE
2025-11-28T17:36:32.499355,Aravalli_Biodiversity_Park,Aravalli Biodiversity Park,19.71,44.12,5.88,3.23,0.65,49.7,IDLE
2025-11-28T17:36:32.500111,Sanjay_Van,Sanjay Van,26.87,43.29,19.85,3.03,0.47,19.5,CRITICAL
2025-11-28T17:36:37.503177,AIIMS_Delhi,AIIMS Delhi,121.91,217.77,44.62,20.83,1.64,42.8,IDLE
2025-11-28T17:36:37.504392,Anand_Vihar,Anand Vihar,81.79,144.76,64.12,11.55,1.69,40.7,ACTIVE
2025-11-28T17:36:37.505386,Chandni_Chowk,Chandni Chowk,145.5,229.45,29.09,13.66,2.35,45.9,IDLE
2025-11-28T17:36:37.506253,Connaught_Place,Connaught Place,174.93,294.62,74.36,22.75,0.85,43.3,ACTIVE
2025-11-28T17:36:37.507089,Dwarka,Dwarka,130.99,216.59,44.41,21.77,0.95,20.9,IDLE
2025-11-28T17:36:37.507929,Gurugram,Gurugram,153.62,220.08,75.45,37.7,1.59,36.9,ACTIVE
2025-11-28T17:36:37.508693,Noida_Sector_62,Noida Sector 62,168.14,282.54,41.45,15.83,1.14,37.2,ACTIVE
2025-11-28T17:36:37.509543,Greater_Noida,Greater Noida,135.79,227.23,61.12,26.59,1.3,39.3,ACTIVE
2025-11-28T17:36:37.510331,Faridabad,Faridabad,61.53,109.08,69.66,11.77,1.05,32.7,ACTIVE
2025-11-28T17:36:37.511081,Ghaziabad,Ghaziabad,87.83,126.69,69.27,10.61,1.65,17.6,CRITICAL
2025-11-28T17:36:37.511815,Lodhi_Road,Lodhi Road,126.45,208.77,69.11,17.72,2.79,59.5,ACTIVE
2025-11-28T17:36:37.512564,Vasant_Kunj,Vasant Kunj,90.97,128.18,69.6,33.77,1.04,60.4,ACTIVE
2025-11-28T17:36:37.513352,Aravalli_Biodiversity_Park,Aravalli Biodiversity Park,23.14,24.05,17.66,8.91,0.35,47.8,IDLE
2025-11-28T17:36:37.514094,Sanjay_Van,Sanjay Van,20.41,24.81,12.22,8.14,0.23,18.1,CRITICAL
2025-11-28T17:36:42.517513,AIIMS_Delhi,AIIMS Delhi,167.07,291.1,49.81,15.58,1.8,40.4,ACTIVE
2025-11-28T17:36:42.518556,Anand_Vihar,Anand Vihar,106.68,151.21,49.24,23.93,1.15,39.4,IDLE
2025-11-28T17:36:42.519428,Chandni_Chowk,Chandni Chowk,111.51,185.74,68.32,23.09,0.82,43.5,ACTIVE
2025-11-28T17:36:42.520287,Connaught_Place,Connaught Place,79.25,122.39,68.16,32.52,2.13,41.5,ACTIVE
2025-11-28T17:36:42.521182,Dwarka,Dwarka,61.1,87.36,20.85,39.07,1.81,19.2,CRITICAL
2025-11-28T17:36:42.521894,Gurugram,Gurugram,83.2,134.58,22.39,21.27,2.9,35.8,ACTIVE
2025-11-28T17:36:42.522590,Noida_Sector_62,Noida Sector 62,95.48,171.82,43.3,25.67,1.96,35.6,IDLE
2025-11-28T17:36:42.523299,Greater_Noida,Greater Noida,165.81,275.33,56.71,18.27,1.39,38.0,ACTIVE
2025-11-28T17:36:42.523997,Faridabad,Faridabad,153.93,229.71,78.55,14.5,0.53,31.1,ACTIVE
2025-11-28T17:36:42.524701,Ghaziabad,Ghaziabad,124.59,211.98,69.77,22.6,0.56,16.1,CRITICAL
2025-11-28T17:36:42.525418,Lodhi_Road,Lodhi Road,122.41,208.47,76.03,31.98,2.17,57.1,ACTIVE
2025-11-28T17:36:42.526143,Vasant_Kunj,Vasant Kunj,152.7,252.89,31.07,37.67,1.56,57.8,ACTIVE
2025-11-28T17:36:42.526858,Aravalli_Biodiversity_Park,Aravalli Biodiversity Park,25.32,32.53,10.91,7.52,0.64,44.9,IDLE
2025-11-28T17:36:42.527568,Sanjay_Van,Sanjay Van,11.36,26.39,18.64,6.34,0.63,16.8,CRITICAL
2025-11-28T17:36:47.530772,AIIMS_Delhi,AIIMS Delhi,141.03,215.76,45.48,25.13,0.65,38.3,IDLE
2025-11-28T17:36:47.532436,Anand_Vihar,Anand Vihar,68.49,107.2,40.45,28.38,1.18,37.6,IDLE
2025-11-28T17:36:47.533339,Chandni_Chowk,Chandni Chowk,120.91,189.84,36.97,35.95,1.59,41.1,IDLE
2025-11-28T17:36:47.534160,Connaught_Place,Connaught Place,171.42,260.12,20.38,39.41,2.33,40.5,ACTIVE
2025-11-28T17:36:47.534971,Dwarka,Dwarka,137.36,229.43,77.71,10.37,1.42,16.3,CRITICAL
2025-11-28T17:36:47.535751,Gurugram,Gurugram,66.2,105.87,27.66,20.42,2.77,32.9,ACTIVE
2025-11-28T17:36:47.536677,Noida_Sector_62,Noida Sector 62,115.94,187.46,68.77,38.08,0.55,34.5,ACTIVE
2025-11-28T17:36:47.537582,Greater_Noida,Greater Noida,109.19,158.39,74.58,14.54,1.57,36.6,ACTIVE
2025-11-28T17:36:47.538385,Faridabad,Faridabad,123.68,203.44,33.57,16.87,2.72,28.7,ACTIVE
2025-11-28T17:36:47.539202,Ghaziabad,Ghaziabad,104.7,157.19,36.09,11.43,2.4,13.4,CRITICAL
2025-11-28T17:36:47.539996,Lodhi_Road,Lodhi Road,173.6,277.03,73.88,17.16,1.41,54.9,ACTIVE
2025-11-28T17:36:47.540778,Vasant_Kunj,Vasant Kunj,154.37,244.61,53.14,11.98,2.57,55.1,ACTIVE
2025-11-28T17:36:47.541542,Aravalli_Biodiversity_Park,Aravalli Biodiversity Park,8.11,20.94,6.78,9.3,0.46,41.9,IDLE
2025-11-28T17:36:47.542275,Sanjay_Van,Sanjay Van,8.12,41.3,6.53,3.55,0.67,14.9,CRITICAL
2025-11-28T17:36:52.545150,AIIMS_Delhi,AIIMS Delhi,110.1,171.09,50.12,17.95,2.21,36.6,IDLE
2025-11-28T17:36:52.546309,Anand_Vihar,Anand Vihar,140.09,220.25,66.95,38.73,1.28,36.6,ACTIVE
2025-11-28T17:36:52.547100,Chandni_Chowk,Chandni Chowk,149.66,254.96,75.51,25.03,0.87,39.5,ACTIVE
2025-11-28T17:36:52.547820,Connaught_Place,Connaught Place,72.37,114.16,59.21,32.6,2.39,38.4,IDLE
2025-11-28T17:36:52.548558,Dwarka,Dwarka,173.58,278.85,36.06,39.85,2.06,14.3,CRITICAL
2025-11-28T17:36:52.549276,Gurugram,Gurugram,177.4,250.42,59.29,18.19,1.62,30.0,ACTIVE
2025-11-28T17:36:52.549970,Noida_Sector_62,Noida Sector 62,132.25,195.65,79.85,25.3,2.78,32.6,ACTIVE
2025-11-28T17:36:52.550658,Greater_Noida,Greater Noida,152.24,217.42,52.85,27.29,2.94,35.2,ACTIVE
2025-11-28T17:36:52.551541,Faridabad,Faridabad,172.95,266.24,74.91,28.99,1.79,26.1,ACTIVE
2025-11-28T17:36:52.552536,Ghaziabad,Ghaziabad,138.97,210.6,64.13,35.75,0.88,11.6,CRITICAL
2025-11-28T17:36:52.553359,Lodhi_Road,Lodhi Road,84.71,123.23,36.89,24.22,0.95,53.6,IDLE
2025-11-28T17:36:52.554108,Vasant_Kunj,Vasant Kunj,90.41,150.07,20.88,29.47,2.65,52.6,ACTIVE
2025-11-28T17:36:52.555185,Aravalli_Biodiversity_Park,Aravalli Biodiversity Park,13.21,45.54,7.21,3.3,0.88,39.5,IDLE
2025-11-28T17:36:52.556106,Sanjay_Van,Sanjay Van,22.4,43.13,9.92,3.48,0.59,12.4,CRITICAL
2025-11-28T17:36:57.559314,AIIMS_Delhi,AIIMS Delhi,134.41,213.52,48.04,30.49,0.84,34.6,IDLE
2025-11-28T17:36:57.560497,Anand_Vihar,Anand Vihar,132.07,230.82,60.9,35.45,2.68,35.0,ACTIVE
2025-11-28T17:36:57.561288,Chandni_Chowk,Chandni Chowk,103.95,154.49,70.09,27.56,2.22,37.5,ACTIVE
2025-11-28T17:36:57.561992,Connaught_Place,Connaught Place,77.22,123.85,63.55,12.29,0.86,36.4,ACTIVE
2025-11-28T17:36:57.562679,Dwarka,Dwarka,63.75,97.28,73.19,30.13,1.52,12.4,CRITICAL
2025-11-28T17:36:57.563455,Gurugram,Gurugram,141.3,197.95,68.31,11.6,0.92,28.6,ACTIVE
2025-11-28T17:36:57.564158,Noida_Sector_62,Noida Sector 62,77.72,127.05,61.19,22.66,0.62,30.0,ACTIVE
2025-11-28T17:36:57.564869,Greater_Noida,Greater Noida,86.3,125.0,36.26,24.93,2.24,32.7,IDLE
2025-11-28T17:36:57.565767,Faridabad,Faridabad,87.88,123.93,49.96,22.89,2.68,24.6,ACTIVE
2025-11-28T17:36:57.566510,Ghaziabad,Ghaziabad,100.2,169.5,78.58,20.0,2.84,10.3,CRITICAL
2025-11-28T17:36:57.567353,Lodhi_Road,Lodhi Road,103.04,161.83,60.78,21.15,1.42,51.7,ACTIVE
2025-11-28T17:36:57.568143,Vasant_Kunj,Vasant Kunj,105.01,164.75,65.52,21.75,1.24,50.0,ACTIVE
2025-11-28T17:36:57.568887,Aravalli_Biodiversity_Park,Aravalli Biodiversity Park,14.1,15.75,10.11,6.05,0.67,37.8,IDLE
2025-11-28T17:36:57.569598,Sanjay_Van,Sanjay Van,9.82,19.36,11.24,5.46,0.33,9.6,CRITICAL
2025-11-28T17:37:02.573467,AIIMS_Delhi,AIIMS Delhi,106.0,189.27,25.73,12.1,2.64,32.1,ACTIVE
2025-11-28T17:37:02.574918,Anand_Vihar,Anand Vihar,171.44,252.37,45.95,36.64,0.51,32.3,ACTIVE
2025-11-28T17:37:02.576020,Chandni_Chowk,Chandni Chowk,116.72,185.38,35.03,30.89,0.89,36.4,IDLE
2025-11-28T17:37:02.576910,Connaught_Place,Connaught Place,120.61,170.2,20.33,30.09,0.84,35.0,IDLE
2025-11-28T17:37:02.577951,Dwarka,Dwarka,137.96,215.76,66.14,27.46,2.61,10.5,CRITICAL
2025-11-28T17:37:02.578822,Gurugram,Gurugram,154.37,247.9,77.54,16.68,2.6,25.7,ACTIVE
2025-11-28T17:37:02.579588,Noida_Sector_62,Noida Sector 62,108.91,175.09,35.58,31.14,2.71,28.3,ACTIVE
2025-11-28T17:37:02.580505,Greater_Noida,Greater Noida,179.09,317.38,65.92,25.34,1.05,31.3,ACTIVE
2025-11-28T17:37:02.581275,Faridabad,Faridabad,97.43,142.82,27.65,13.93,1.69,22.9,IDLE
2025-11-28T17:37:02.582096,Ghaziabad,Ghaziabad,124.05,222.99,52.87,12.23,2.08,7.8,CRITICAL
2025-11-28T17:37:02.582852,Lodhi_Road,Lodhi Road,91.78,156.36,39.99,24.51,2.08,49.2,IDLE
2025-11-28T17:37:02.583562,Vasant_Kunj,Vasant Kunj,83.57,125.1,76.84,26.65,1.44,48.7,ACTIVE
2025-11-28T17:37:02.584313,Aravalli_Biodiversity_Park,Aravalli Biodiversity Park,29.87,21.63,17.67,8.14,0.22,35.7,IDLE
2025-11-28T17:37:02.585067,Sanjay_Van,Sanjay Van,15.16,40.7,18.87,5.83,0.97,7.2,CRITICAL
2025-11-28T17:37:07.588399,AIIMS_Delhi,AIIMS Delhi,69.45,117.71,23.38,32.49,2.3,31.0,IDLE
2025-11-28T17:37:07.589688,Anand_Vihar,Anand Vihar,71.46,117.91,26.73,29.56,2.02,30.2,IDLE
2025-11-28T17:37:07.590679,Chandni_Chowk,Chandni Chowk,138.67,216.35,63.08,26.45,1.08,33.6,ACTIVE
2025-11-28T17:37:07.591467,Connaught_Place,Connaught Place,123.87,202.21,45.97,12.29,1.81,32.6,IDLE
2025-11-28T17:37:07.592214,Dwarka,Dwarka,98.36,144.48,33.31,32.75,2.17,8.4,CRITICAL
2025-11-28T17:37:07.592980,Gurugram,Gurugram,111.02,157.57,76.54,34.52,1.22,23.2,ACTIVE
2025-11-28T17:37:07.593709,Noida_Sector_62,Noida Sector 62,100.72,151.18,66.84,19.44,1.25,26.4,ACTIVE
2025-11-28T17:37:07.594491,Greater_Noida,Greater Noida,75.74,125.01,35.14,18.42,0.94,29.8,IDLE
2025-11-28T17:37:07.595297,Faridabad,Faridabad,61.44,95.94,38.81,26.47,2.11,21.2,IDLE
2025-11-28T17:37:07.596021,Ghaziabad,Ghaziabad,128.06,209.57,57.5,35.2,2.47,4.9,CRITICAL
2025-11-28T17:37:07.596767,Lodhi_Road,Lodhi Road,162.72,258.72,47.62,36.81,1.83,47.9,ACTIVE
2025-11-28T17:37:07.597534,Vasant_Kunj,Vasant Kunj,87.92,149.19,76.74,39.93,0.86,46.9,ACTIVE
2025-11-28T17:37:07.598344,Aravalli_Biodiversity_Park,Aravalli Biodiversity Park,16.87,54.21,16.76,9.02,0.56,33.7,IDLE
2025-11-28T17:37:07.599080,Sanjay_Van,Sanjay Van,21.68,45.55,13.37,3.87,0.29,4.5,CRITICAL
2025-11-28T17:37:12.602391,AIIMS_Delhi,AIIMS Delhi,71.26,121.67,46.71,25.18,1.34,29.2,IDLE
2025-11-28T17:37:12.603812,Anand_Vihar,Anand Vihar,150.1,230.49,61.99,13.6,1.41,28.0,ACTIVE
2025-11-28T17:37:12.604741,Chandni_Chowk,Chandni Chowk,124.37,186.43,46.07,11.67,0.6,31.9,IDLE
2025-11-28T17:37:12.605579,Connaught_Place,Connaught Place,90.73,156.31,63.56,27.5,2.25,29.9,ACTIVE
2025-11-28T17:37:12.606513,Dwarka,Dwarka,97.55,175.4,30.07,33.99,1.37,5.8,CRITICAL
2025-11-28T17:37:12.607366,Gurugram,Gurugram,77.74,115.25,56.59,25.29,2.35,22.1,IDLE
2025-11-28T17:37:12.608505,Noida_Sector_62,Noida Sector 62,138.93,197.06,29.79,23.36,1.85,25.0,IDLE
2025-11-28T17:37:12.609339,Greater_Noida,Greater Noida,110.98,159.05,23.21,34.82,2.65,28.6,ACTIVE
2025-11-28T17:37:12.610086,Faridabad,Faridabad,86.1,143.83,75.42,28.04,2.95,19.4,CRITICAL
2025-11-28T17:37:12.610837,Ghaziabad,Ghaziabad,144.04,255.94,58.23,32.91,2.2,1.9,CRITICAL
2025-11-28T17:37:12.611586,Lodhi_Road,Lodhi Road,126.88,188.28,50.9,32.79,1.3,46.1,IDLE
2025-11-28T17:37:12.612318,Vasant_Kunj,Vasant Kunj,100.13,150.44,42.56,20.01,0.74,45.3,IDLE
2025-11-28T17:37:12.613015,Aravalli_Biodiversity_Park,Aravalli Biodiversity Park,18.44,46.0,13.56,4.15,0.46,31.3,IDLE
2025-11-28T17:37:12.613744,Sanjay_Van,Sanjay Van,26.17,38.67,18.45,4.72,0.23,1.5,CRITICAL
2025-11-28T17:37:17.617025,AIIMS_Delhi,AIIMS Delhi,120.55,198.95,49.64,29.88,1.6,27.7,IDLE
2025-11-28T17:37:17.618230,Anand_Vihar,Anand Vihar,167.54,292.5,69.51,14.76,1.01,26.6,ACTIVE
2025-11-28T17:37:17.619044,Chandni_Chowk,Chandni Chowk,63.14,91.34,21.24,20.01,1.38,30.5,IDLE
2025-11-28T17:37:17.619814,Connaught_Place,Connaught Place,85.07,149.86,21.62,19.07,0.59,27.1,IDLE
2025-11-28T17:37:17.620685,Dwarka,Dwarka,74.27,133.08,38.56,24.91,1.39,3.9,CRITICAL
2025-11-28T17:37:17.621472,Gurugram,Gurugram,120.94,195.77,51.63,30.29,2.83,20.6,ACTIVE
2025-11-28T17:37:17.622225,Noida_Sector_62,Noida Sector 62,175.44,269.88,41.64,26.31,2.04,23.9,ACTIVE
2025-11-28T17:37:17.623021,Greater_Noida,Greater Noida,179.32,274.92,76.02,36.4,1.07,27.4,ACTIVE
2025-11-28T17:37:17.624042,Faridabad,Faridabad,125.5,200.82,33.23,22.69,2.65,18.1,CRITICAL
2025-11-28T17:37:17.624888,Ghaziabad,Ghaziabad,68.43,104.39,43.92,17.56,2.57,0,CRITICAL
2025-11-28T17:37:17.625667,Lodhi_Road,Lodhi Road,69.28,101.95,68.62,38.19,1.01,44.0,ACTIVE
2025-11-28T17:37:17.626419,Vasant_Kunj,Vasant Kunj,144.05,212.22,36.25,18.32,2.76,42.8,ACTIVE
2025-11-28T17:37:17.627153,Aravalli_Biodiversity_Park,Aravalli Biodiversity Park,16.0,31.97,14.52,7.59,0.53,28.4,IDLE
2025-11-28T17:37:17.627861,Sanjay_Van,Sanjay Van,21.47,48.76,16.66,7.23,0.54,0,CRITICAL
2025-11-28T17:37:22.631075,AIIMS_Delhi,AIIMS Delhi,177.33,284.05,76.75,24.2,1.44,25.8,ACTIVE
2025-11-28T17:37:22.632349,Anand_Vihar,Anand Vihar,73.56,114.3,34.81,20.14,0.56,25.1,IDLE
2025-11-28T17:37:22.633459,Chandni_Chowk,Chandni Chowk,85.03,125.05,65.6,29.15,2.3,27.8,ACTIVE
2025-11-28T17:37:22.634343,Connaught_Place,Connaught Place,134.17,233.48,54.81,28.54,0.51,24.7,IDLE
2025-11-28T17:37:22.635234,Dwarka,Dwarka,99.85,154.4,34.05,10.88,1.77,1.5,CRITICAL
2025-11-28T17:37:22.636067,Gurugram,Gurugram,147.73,223.18,30.68,25.46,1.31,19.5,CRITICAL
2025-11-28T17:37:22.636860,Noida_Sector_62,Noida Sector 62,176.35,269.76,58.73,33.92,1.61,21.6,ACTIVE
2025-11-28T17:37:22.637917,Greater_Noida,Greater Noida,128.78,211.89,79.4,15.39,1.03,25.3,ACTIVE
2025-11-28T17:37:22.638771,Faridabad,Faridabad,105.26,166.84,56.3,10.28,1.65,16.8,CRITICAL
2025-11-28T17:37:22.639544,Ghaziabad,Ghaziabad,115.04,197.12,60.63,37.04,0.87,0,CRITICAL
2025-11-28T17:37:22.640261,Lodhi_Road,Lodhi Road,94.13,161.66,30.89,30.07,1.52,42.0,IDLE
2025-11-28T17:37:22.640997,Vasant_Kunj,Vasant Kunj,113.24,167.22,61.03,30.09,2.53,41.7,ACTIVE
2025-11-28T17:37:22.641704,Aravalli_Biodiversity_Park,Aravalli Biodiversity Park,19.38,37.39,13.73,9.37,0.4,26.5,IDLE
2025-11-28T17:37:22.642423,Sanjay_Van,Sanjay Van,24.76,21.92,5.49,4.04,0.51,0,CRITICAL
2025-11-29T02:48:19.771017,AIIMS_Delhi,AIIMS Delhi,196.55,323.05,61.61,20.51,2.67,71.5,ACTIVE
2025-11-29T02:48:19.772766,Anand_Vihar,Anand Vihar,152.34,242.34,50.16,38.38,2.26,61.6,ACTIVE
2025-11-29T02:48:19.773666,Chandni_Chowk,Chandni Chowk,132.24,195.06,70.55,35.29,2.93,49.9,ACTIVE
2025-11-29T02:48:19.774649,Connaught_Place,Connaught Place,107.55,187.78,61.26,24.42,1.8,52.5,ACTIVE
2025-11-29T02:48:19.775549,Dwarka,Dwarka,100.64,163.43,39.77,28.55,1.49,85.7,IDLE
2025-11-29T02:48:19.776376,Gurugram,Gurugram,91.26,128.34,72.32,27.15,1.85,66.7,ACTIVE
2025-11-29T02:48:19.777360,Noida_Sector_62,Noida Sector 62,231.66,368.44,37.86,13.18,2.2,44.7,ACTIVE
2025-11-29T02:48:19.778482,Greater_Noida,Greater Noida,151.23,216.76,32.38,35.76,0.56,65.0,ACTIVE
2025-11-29T02:48:19.779881,Faridabad,Faridabad,96.71,143.36,62.94,35.0,2.63,50.2,ACTIVE
2025-11-29T02:48:19.781103,Ghaziabad,Ghaziabad,230.29,368.24,75.58,27.36,0.63,75.1,ACTIVE
2025-11-29T02:48:19.782409,Lodhi_Road,Lodhi Road,119.75,174.88,24.28,12.35,2.56,63.6,ACTIVE
2025-11-29T02:48:19.783568,Vasant_Kunj,Vasant Kunj,107.6,164.66,69.92,15.37,2.24,48.0,ACTIVE
2025-11-29T02:48:19.785152,Aravalli_Biodiversity_Park,Aravalli Biodiversity Park,11.21,54.48,18.99,6.71,0.92,43.2,IDLE
2025-11-29T02:48:19.786372,Sanjay_Van,Sanjay Van,25.35,37.55,5.88,3.49,0.65,46.1,IDLE
2025-11-29T02:48:24.791719,AIIMS_Delhi,AIIMS Delhi,233.15,371.82,49.6,14.42,1.07,70.0,ACTIVE
2025-11-29T02:48:24.793023,Anand_Vihar,Anand Vihar,231.41,362.25,27.19,34.13,1.11,59.6,ACTIVE
2025-11-29T02:48:24.794022,Chandni_Chowk,Chandni Chowk,221.89,316.9,29.91,22.69,0.65,48.5,ACTIVE
2025-11-29T02:48:24.794939,Connaught_Place,Connaught Place,90.68,139.14,35.31,29.93,1.81,49.7,IDLE
2025-11-29T02:48:24.795825,Dwarka,Dwarka,213.01,361.69,20.51,37.48,0.62,83.3,ACTIVE
2025-11-29T02:48:24.796657,Gurugram,Gurugram,93.97,140.76,34.65,20.91,2.31,64.0,IDLE
2025-11-29T02:48:24.797610,Noida_Sector_62,Noida Sector 62,201.33,344.7,24.41,11.52,0.74,43.0,ACTIVE
2025-11-29T02:48:24.799015,Greater_Noida,Greater Noida,210.86,325.04,32.93,31.05,0.82,62.7,ACTIVE
2025-11-29T02:48:24.799937,Faridabad,Faridabad,142.82,250.36,55.53,10.12,1.16,48.7,ACTIVE
2025-11-29T02:48:24.800894,Ghaziabad,Ghaziabad,99.37,140.93,59.02,30.81,0.78,73.2,IDLE
2025-11-29T02:48:24.802005,Lodhi_Road,Lodhi Road,164.21,294.52,58.25,31.63,1.66,60.7,ACTIVE
2025-11-29T02:48:24.803121,Vasant_Kunj,Vasant Kunj,133.66,205.32,68.22,10.55,2.03,46.9,ACTIVE
2025-11-29T02:48:24.804183,Aravalli_Biodiversity_Park,Aravalli Biodiversity Park,18.91,35.4,10.08,9.28,0.25,41.3,IDLE
2025-11-29T02:48:24.805269,Sanjay_Van,Sanjay Van,12.01,54.4,19.48,9.93,0.96,44.4,IDLE
2025-11-29T02:48:29.809297,AIIMS_Delhi,AIIMS Delhi,91.07,135.05,73.6,10.28,2.07,68.8,ACTIVE
2025-11-29T02:48:29.810758,Anand_Vihar,Anand Vihar,85.86,135.73,52.77,20.59,1.93,56.7,IDLE
2025-11-29T02:48:29.811895,Chandni_Chowk,Chandni Chowk,199.27,329.25,53.26,37.46,2.52,46.7,ACTIVE
2025-11-29T02:48:29.813066,Connaught_Place,Connaught Place,193.83,313.59,45.29,26.04,2.92,47.4,ACTIVE
2025-11-29T02:48:29.814527,Dwarka,Dwarka,113.58,204.34,42.18,34.36,2.69,81.2,ACTIVE
2025-11-29T02:48:29.815675,Gurugram,Gurugram,225.23,355.03,56.7,28.53,0.72,62.4,ACTIVE
2025-11-29T02:48:29.816731,Noida_Sector_62,Noida Sector 62,79.52,121.92,58.57,27.84,1.22,41.4,IDLE
2025-11-29T02:48:29.817828,Greater_Noida,Greater Noida,141.27,226.08,52.05,13.97,2.23,60.7,IDLE
2025-11-29T02:48:29.818810,Faridabad,Faridabad,127.0,217.36,48.54,13.18,1.78,46.7,IDLE
2025-11-29T02:48:29.819773,Ghaziabad,Ghaziabad,231.12,389.25,75.32,10.22,1.98,71.5,ACTIVE
2025-11-29T02:48:29.820754,Lodhi_Road,Lodhi Road,152.37,274.11,54.26,39.5,0.81,59.2,ACTIVE
2025-11-29T02:48:29.821961,Vasant_Kunj,Vasant Kunj,176.96,268.07,60.3,14.49,2.75,44.5,ACTIVE
2025-11-29T02:48:29.823163,Aravalli_Biodiversity_Park,Aravalli Biodiversity Park,27.25,25.11,8.17,9.23,0.21,39.2,IDLE
2025-11-29T02:48:29.824040,Sanjay_Van,Sanjay Van,11.0,51.89,19.5,8.13,0.89,43.0,IDLE
2025-11-29T03:08:53.737830,AIIMS_Delhi,AIIMS Delhi,107.87,191.69,75.12,33.66,2.63,44.3,ACTIVE
2025-11-29T03:08:53.739715,Anand_Vihar,Anand Vihar,101.56,176.72,52.46,35.22,0.92,76.9,IDLE
2025-11-29T03:08:53.740900,Chandni_Chowk,Chandni Chowk,231.96,332.69,39.04,33.44,1.04,83.4,ACTIVE
2025-11-29T03:08:53.741965,Connaught_Place,Connaught Place,163.51,272.57,75.65,32.48,2.95,85.7,ACTIVE
2025-11-29T03:08:53.743049,Dwarka,Dwarka,84.79,138.63,68.49,34.63,0.69,68.0,ACTIVE
2025-11-29T03:08:53.744098,Gurugram,Gurugram,138.14,239.17,75.91,36.81,0.79,68.5,ACTIVE
2025-11-29T03:08:53.745191,Noida_Sector_62,Noida Sector 62,79.22,133.98,36.94,27.26,2.39,79.8,IDLE
2025-11-29T03:08:53.746416,Greater_Noida,Greater Noida,222.81,323.08,62.05,27.18,2.72,52.6,ACTIVE
2025-11-29T03:08:53.747596,Faridabad,Faridabad,143.02,207.07,42.52,35.78,2.0,62.7,IDLE
2025-11-29T03:08:53.748771,Ghaziabad,Ghaziabad,155.18,265.01,61.9,34.53,2.96,48.9,ACTIVE
2025-11-29T03:08:53.750167,Lodhi_Road,Lodhi Road,81.37,135.71,42.46,34.89,2.28,75.7,IDLE
2025-11-29T03:08:53.751148,Vasant_Kunj,Vasant Kunj,147.26,237.51,55.31,13.43,0.66,80.4,IDLE
2025-11-29T03:08:53.752077,Aravalli_Biodiversity_Park,Aravalli Biodiversity Park,19.23,40.05,12.55,3.25,0.93,72.2,IDLE
2025-11-29T03:08:53.752971,Sanjay_Van,Sanjay Van,21.39,50.27,13.17,3.35,0.22,44.8,IDLE
2025-11-29T03:08:58.756721,AIIMS_Delhi,AIIMS Delhi,226.12,384.47,31.87,29.76,2.13,42.8,ACTIVE
2025-11-29T03:08:58.758138,Anand_Vihar,Anand Vihar,176.3,289.58,42.03,13.24,1.34,75.1,ACTIVE
2025-11-29T03:08:58.759160,Chandni_Chowk,Chandni Chowk,205.69,335.76,39.79,20.67,1.7,82.1,ACTIVE
2025-11-29T03:08:58.760069,Connaught_Place,Connaught Place,111.52,174.05,76.42,10.33,2.68,83.8,ACTIVE
2025-11-29T03:08:58.761232,Dwarka,Dwarka,97.16,144.09,53.04,14.5,1.93,66.6,IDLE
2025-11-29T03:08:58.762354,Gurugram,Gurugram,206.99,352.64,33.42,32.63,1.87,65.5,ACTIVE
2025-11-29T03:08:58.763258,Noida_Sector_62,Noida Sector 62,223.26,389.4,40.93,21.35,1.79,78.2,ACTIVE
2025-11-29T03:08:58.764121,Greater_Noida,Greater Noida,185.34,306.98,45.78,37.13,2.73,49.8,ACTIVE
2025-11-29T03:08:58.765028,Faridabad,Faridabad,190.32,319.04,75.22,38.28,1.18,60.8,ACTIVE
2025-11-29T03:08:58.766096,Ghaziabad,Ghaziabad,228.81,409.25,70.82,23.01,1.9,47.1,ACTIVE
2025-11-29T03:08:58.767214,Lodhi_Road,Lodhi Road,132.99,235.32,61.71,33.68,2.12,74.7,ACTIVE
2025-11-29T03:08:58.768442,Vasant_Kunj,Vasant Kunj,135.14,213.13,35.74,29.56,1.04,78.0,IDLE
2025-11-29T03:08:58.769549,Aravalli_Biodiversity_Park,Aravalli Biodiversity Park,25.62,24.99,6.3,9.5,0.51,69.7,IDLE
2025-11-29T03:08:58.770728,Sanjay_Van,Sanjay Van,23.58,29.16,5.76,3.25,0.83,42.7,IDLE
2025-11-29T03:09:03.775628,AIIMS_Delhi,AIIMS Delhi,133.87,196.14,23.19,30.49,2.91,39.9,ACTIVE
2025-11-29T03:09:03.777629,Anand_Vihar,Anand Vihar,233.33,379.57,70.02,38.82,1.78,72.5,ACTIVE
2025-11-29T03:09:03.778677,Chandni_Chowk,Chandni Chowk,114.67,196.08,61.34,34.88,1.88,80.6,ACTIVE
2025-11-29T03:09:03.779789,Connaught_Place,Connaught Place,154.84,231.49,28.7,24.94,1.42,81.2,ACTIVE
2025-11-29T03:09:03.780677,Dwarka,Dwarka,216.32,308.31,79.18,20.58,0.91,65.1,ACTIVE
2025-11-29T03:09:03.781590,Gurugram,Gurugram,156.7,223.22,42.39,22.69,1.8,63.8,ACTIVE
2025-11-29T03:09:03.782455,Noida_Sector_62,Noida Sector 62,130.74,232.32,23.2,30.39,2.56,76.8,ACTIVE
2025-11-29T03:09:03.783357,Greater_Noida,Greater Noida,136.29,238.13,51.57,27.04,1.37,47.9,IDLE
2025-11-29T03:09:03.784195,Faridabad,Faridabad,130.65,221.33,23.37,19.4,2.47,58.3,IDLE
2025-11-29T03:09:03.785033,Ghaziabad,Ghaziabad,221.14,362.87,21.18,13.45,1.99,45.5,ACTIVE
2025-11-29T03:09:03.785916,Lodhi_Road,Lodhi Road,198.14,337.01,42.91,28.15,2.05,73.6,ACTIVE
2025-11-29T03:09:03.787163,Vasant_Kunj,Vasant Kunj,157.09,270.79,54.76,19.03,0.76,75.7,ACTIVE
2025-11-29T03:09:03.788246,Aravalli_Biodiversity_Park,Aravalli Biodiversity Park,18.46,16.46,14.96,10.0,0.28,67.2,IDLE
2025-11-29T03:09:03.789162,Sanjay_Van,Sanjay Van,8.21,42.89,16.2,7.62,0.28,41.7,IDLE
2025-11-29T03:09:08.794399,AIIMS_Delhi,AIIMS Delhi,141.09,209.53,22.48,30.39,2.14,37.2,IDLE
2025-11-29T03:09:08.795941,Anand_Vihar,Anand Vihar,120.14,180.75,20.04,12.79,2.31,71.3,IDLE
2025-11-29T03:09:08.797428,Chandni_Chowk,Chandni Chowk,206.17,294.07,46.05,16.43,1.85,78.9,ACTIVE
2025-11-29T03:09:08.798362,Connaught_Place,Connaught Place,180.06,278.6,71.78,33.01,1.0,79.6,ACTIVE
2025-11-29T03:09:08.799207,Dwarka,Dwarka,79.94,135.64,75.33,27.77,1.15,62.5,ACTIVE
2025-11-29T03:09:08.800366,Gurugram,Gurugram,214.97,385.86,37.2,26.9,2.59,61.5,ACTIVE
2025-11-29T03:09:08.801519,Noida_Sector_62,Noida Sector 62,128.06,203.88,35.08,29.71,2.66,74.9,ACTIVE
2025-11-29T03:09:08.802646,Greater_Noida,Greater Noida,95.89,139.83,29.06,24.58,2.83,46.2,ACTIVE
2025-11-29T03:09:08.803740,Faridabad,Faridabad,124.47,201.59,48.65,31.26,0.85,56.4,IDLE
2025-11-29T03:09:08.804611,Ghaziabad,Ghaziabad,109.81,156.0,34.53,36.62,2.52,43.6,ACTIVE
2025-11-29T03:09:08.805465,Lodhi_Road,Lodhi Road,197.44,327.7,29.94,15.12,2.5,71.2,ACTIVE
2025-11-29T03:09:08.806575,Vasant_Kunj,Vasant Kunj,202.13,334.29,64.14,27.64,1.65,72.7,ACTIVE
2025-11-29T03:09:08.807639,Aravalli_Biodiversity_Park,Aravalli Biodiversity Park,23.7,41.44,7.8,9.9,0.93,65.6,IDLE
2025-11-29T03:09:08.808517,Sanjay_Van,Sanjay Van,18.0,41.48,8.61,8.25,0.65,40.0,IDLE
2025-11-29T03:09:13.812079,AIIMS_Delhi,AIIMS Delhi,208.19,364.36,77.55,31.74,2.66,35.6,ACTIVE
2025-11-29T03:09:13.813678,Anand_Vihar,Anand Vihar,81.97,143.38,24.4,10.57,1.04,68.8,IDLE
2025-11-29T03:09:13.814804,Chandni_Chowk,Chandni Chowk,152.69,236.28,42.51,29.19,1.17,77.4,ACTIVE
2025-11-29T03:09:13.815814,Connaught_Place,Connaught Place,79.02,121.82,22.95,32.64,1.68,76.7,IDLE
2025-11-29T03:09:13.816795,Dwarka,Dwarka,135.17,206.67,60.6,38.07,1.96,61.2,ACTIVE
2025-11-29T03:09:13.817708,Gurugram,Gurugram,119.15,209.92,43.77,35.47,1.81,59.3,IDLE
2025-11-29T03:09:13.818627,Noida_Sector_62,Noida Sector 62,157.39,238.71,35.13,26.36,2.78,72.9,ACTIVE
2025-11-29T03:09:13.819597,Greater_Noida,Greater Noida,123.19,175.24,51.87,18.87,2.89,43.5,ACTIVE
2025-11-29T03:09:13.820596,Faridabad,Faridabad,131.1,221.03,72.63,15.99,1.04,55.2,ACTIVE
2025-11-29T03:09:13.821525,Ghaziabad,Ghaziabad,124.7,205.47,28.28,35.42,0.88,41.7,IDLE
2025-11-29T03:09:13.822429,Lodhi_Road,Lodhi Road,182.04,324.35,67.26,16.24,0.91,68.3,ACTIVE
2025-11-29T03:09:13.823402,Vasant_Kunj,Vasant Kunj,223.05,359.93,56.7,29.4,1.51,70.6,ACTIVE
2025-11-29T03:09:13.824275,Aravalli_Biodiversity_Park,Aravalli Biodiversity Park,18.14,20.07,9.58,7.53,0.4,63.9,IDLE
2025-11-29T03:09:13.825549,Sanjay_Van,Sanjay Van,27.58,52.23,14.62,9.46,0.61,38.1,IDLE
2025-11-29T03:09:18.829854,AIIMS_Delhi,AIIMS Delhi,82.67,140.63,73.9,30.55,2.48,33.9,ACTIVE
2025-11-29T03:09:18.831659,Anand_Vihar,Anand Vihar,113.42,198.22,77.91,36.46,2.03,66.2,ACTIVE
2025-11-29T03:09:18.834054,Chandni_Chowk,Chandni Chowk,195.03,319.73,67.54,32.08,1.14,76.1,ACTIVE
2025-11-29T03:09:18.835312,Connaught_Place,Connaught Place,201.78,350.02,76.55,28.32,2.39,74.2,ACTIVE
2025-11-29T03:09:18.836375,Dwarka,Dwarka,114.3,193.71,54.12,32.94,0.5,58.8,IDLE
2025-11-29T03:09:18.837427,Gurugram,Gurugram,96.49,149.54,45.46,23.89,1.84,56.9,IDLE
2025-11-29T03:09:18.838494,Noida_Sector_62,Noida Sector 62,188.34,285.88,71.68,31.54,2.02,70.8,ACTIVE
2025-11-29T03:09:18.839563,Greater_Noida,Greater Noida,211.68,363.45,38.85,20.23,2.24,42.3,ACTIVE
2025-11-29T03:09:18.840671,Faridabad,Faridabad,78.3,132.09,42.77,10.29,1.17,53.2,IDLE
2025-11-29T03:09:18.841721,Ghaziabad,Ghaziabad,183.87,326.38,59.54,21.82,1.63,39.9,ACTIVE
2025-11-29T03:09:18.842776,Lodhi_Road,Lodhi Road,116.08,176.19,69.59,19.79,2.84,67.0,ACTIVE
2025-11-29T03:09:18.843821,Vasant_Kunj,Vasant Kunj,152.92,241.53,49.84,13.24,0.54,69.3,ACTIVE
2025-11-29T03:09:18.844859,Aravalli_Biodiversity_Park,Aravalli Biodiversity Park,10.88,33.56,9.8,8.0,0.86,61.4,IDLE
2025-11-29T03:09:18.845935,Sanjay_Van,Sanjay Van,29.75,16.91,7.94,7.14,0.64,35.9,IDLE
2025-11-29T06:33:51.625706,AIIMS_Delhi,AIIMS Delhi,165.6,272.27,57.09,36.31,1.84,49.7,ACTIVE
2025-11-29T06:33:51.628016,Anand_Vihar,Anand Vihar,114.34,199.66,70.17,15.76,1.1,50.4,ACTIVE
2025-11-29T06:33:51.629006,Chandni_Chowk,Chandni Chowk,133.1,201.98,50.12,22.4,2.02,51.4,IDLE
2025-11-29T06:33:51.630030,Connaught_Place,Connaught Place,144.54,251.5,24.09,19.24,1.18,50.6,ACTIVE
2025-11-29T06:33:51.630899,Dwarka,Dwarka,154.6,249.35,56.69,19.81,2.67,58.7,ACTIVE
2025-11-29T06:33:51.631844,Gurugram,Gurugram,100.79,175.33,71.17,28.61,1.65,49.4,ACTIVE
2025-11-29T06:33:51.632726,Noida_Sector_62,Noida Sector 62,87.49,135.36,75.16,30.13,1.54,76.4,ACTIVE
2025-11-29T06:33:51.633828,Greater_Noida,Greater Noida,146.83,207.29,41.32,38.26,1.17,79.8,IDLE
2025-11-29T06:33:51.634843,Faridabad,Faridabad,137.67,217.38,72.7,29.26,1.83,78.4,ACTIVE
2025-11-29T06:33:51.635741,Ghaziabad,Ghaziabad,173.35,263.96,44.15,16.71,1.13,73.4,ACTIVE
2025-11-29T06:33:51.636743,Lodhi_Road,Lodhi Road,131.94,230.34,79.47,29.64,0.85,71.4,ACTIVE
2025-11-29T06:33:51.637915,Vasant_Kunj,Vasant Kunj,113.99,163.22,21.64,28.24,0.85,73.1,IDLE
2025-11-29T06:33:51.638902,Aravalli_Biodiversity_Park,Aravalli Biodiversity Park,13.59,24.22,16.57,3.2,0.32,72.3,IDLE
2025-11-29T06:33:51.640157,Sanjay_Van,Sanjay Van,28.79,42.16,15.86,5.7,0.32,82.5,IDLE
2025-11-29T06:33:56.645427,AIIMS_Delhi,AIIMS Delhi,122.56,206.15,56.78,37.0,1.33,52.3,IDLE
2025-11-29T06:33:56.646562,Anand_Vihar,Anand Vihar,172.65,291.35,60.28,11.74,2.96,53.7,ACTIVE
2025-11-29T06:33:56.647742,Chandni_Chowk,Chandni Chowk,61.66,104.25,68.49,20.88,0.95,55.1,ACTIVE
2025-11-29T06:33:56.648712,Connaught_Place,Connaught Place,171.45,248.86,22.02,28.23,2.2,54.0,ACTIVE
2025-11-29T06:33:56.649665,Dwarka,Dwarka,69.57,101.86,29.21,16.45,2.23,61.0,IDLE
2025-11-29T06:33:56.650728,Gurugram,Gurugram,178.01,277.65,42.74,27.01,1.57,53.2,ACTIVE
2025-11-29T06:33:56.652664,Noida_Sector_62,Noida Sector 62,104.01,186.32,43.0,39.04,1.0,80.0,IDLE
2025-11-29T06:33:56.653575,Greater_Noida,Greater Noida,90.31,157.15,79.22,24.86,1.85,83.4,ACTIVE
2025-11-29T06:33:56.654487,Faridabad,Faridabad,139.05,245.96,67.81,10.65,2.28,80.9,ACTIVE
2025-11-29T06:33:56.655439,Ghaziabad,Ghaziabad,170.46,273.11,77.38,34.09,1.8,76.0,ACTIVE
2025-11-29T06:33:56.656393,Lodhi_Road,Lodhi Road,142.94,240.19,63.11,15.91,1.13,75.3,ACTIVE
2025-11-29T06:33:56.657394,Vasant_Kunj,Vasant Kunj,83.27,116.99,40.8,17.91,1.41,75.4,IDLE
2025-11-29T06:33:56.658626,Aravalli_Biodiversity_Park,Aravalli Biodiversity Park,9.58,27.36,19.6,8.67,0.82,76.1,IDLE
2025-11-29T06:33:56.659825,Sanjay_Van,Sanjay Van,13.92,28.08,7.85,9.86,0.58,86.0,IDLE
2025-11-29T06:34:01.664644,AIIMS_Delhi,AIIMS Delhi,136.71,242.24,30.31,36.11,1.77,56.3,IDLE
2025-11-29T06:34:01.666308,Anand_Vihar,Anand Vihar,119.1,179.97,74.61,10.53,2.55,56.8,ACTIVE
2025-11-29T06:34:01.667774,Chandni_Chowk,Chandni Chowk,135.31,239.33,29.04,36.38,2.82,58.8,ACTIVE
2025-11-29T06:34:01.668986,Connaught_Place,Connaught Place,159.71,282.97,72.46,34.07,1.37,57.5,ACTIVE
2025-11-29T06:34:01.670153,Dwarka,Dwarka,172.79,256.83,23.8,39.51,1.13,63.7,ACTIVE
2025-11-29T06:34:01.671437,Gurugram,Gurugram,119.97,197.33,35.1,39.38,2.1,56.9,IDLE
2025-11-29T06:34:01.672769,Noida_Sector_62,Noida Sector 62,166.87,244.31,78.52,31.11,0.99,83.5,ACTIVE
2025-11-29T06:34:01.674084,Greater_Noida,Greater Noida,93.78,155.35,71.09,28.98,1.03,86.8,ACTIVE
2025-11-29T06:34:01.675249,Faridabad,Faridabad,120.22,206.16,63.01,21.44,2.43,84.0,ACTIVE
2025-11-29T06:34:01.676420,Ghaziabad,Ghaziabad,60.04,88.26,60.74,21.66,1.27,78.8,ACTIVE
2025-11-29T06:34:01.677485,Lodhi_Road,Lodhi Road,84.86,119.52,74.99,16.8,1.29,78.3,ACTIVE
2025-11-29T06:34:01.679504,Vasant_Kunj,Vasant Kunj,125.78,177.37,52.59,36.62,2.7,77.9,ACTIVE
2025-11-29T06:34:01.680751,Aravalli_Biodiversity_Park,Aravalli Biodiversity Park,19.22,23.12,11.75,6.99,0.53,78.7,IDLE
2025-11-29T06:34:01.681966,Sanjay_Van,Sanjay Van,26.76,48.55,18.55,3.53,0.77,89.1,IDLE
2025-11-29T06:34:06.688076,AIIMS_Delhi,AIIMS Delhi,175.21,288.35,20.99,19.17,2.17,59.7,ACTIVE
2025-11-29T06:34:06.689834,Anand_Vihar,Anand Vihar,110.18,171.47,71.86,13.51,1.8,59.4,ACTIVE
2025-11-29T06:34:06.690905,Chandni_Chowk,Chandni Chowk,159.95,270.85,57.31,32.73,0.8,62.8,ACTIVE
2025-11-29T06:34:06.691844,Connaught_Place,Connaught Place,178.37,269.43,78.7,15.93,1.67,60.8,ACTIVE
2025-11-29T06:34:06.692792,Dwarka,Dwarka,116.91,168.3,21.11,10.94,0.64,66.2,IDLE
2025-11-29T06:34:06.693797,Gurugram,Gurugram,65.37,98.19,63.13,39.15,2.64,59.2,ACTIVE
2025-11-29T06:34:06.694758,Noida_Sector_62,Noida Sector 62,125.65,217.33,53.44,32.03,1.22,87.0,IDLE
2025-11-29T06:34:06.696096,Greater_Noida,Greater Noida,76.42,116.34,45.03,25.44,1.85,90.6,IDLE
2025-11-29T06:34:06.697219,Faridabad,Faridabad,126.7,178.82,71.14,27.22,2.43,87.4,ACTIVE
2025-11-29T06:34:06.698237,Ghaziabad,Ghaziabad,93.66,139.17,78.07,17.41,2.29,82.5,ACTIVE
2025-11-29T06:34:06.699229,Lodhi_Road,Lodhi Road,161.95,243.43,77.18,36.36,1.14,81.3,ACTIVE
2025-11-29T06:34:06.700257,Vasant_Kunj,Vasant Kunj,164.48,265.43,38.04,31.01,2.48,81.0,ACTIVE
2025-11-29T06:34:06.701271,Aravalli_Biodiversity_Park,Aravalli Biodiversity Park,27.63,48.33,8.77,3.26,0.96,81.9,IDLE
2025-11-29T06:34:06.702357,Sanjay_Van,Sanjay Van,15.04,24.05,10.04,6.51,0.6,92.8,IDLE
2025-11-29T06:34:11.706916,AIIMS_Delhi,AIIMS Delhi,126.88,203.5,45.38,27.72,2.06,62.5,IDLE
2025-11-29T06:34:11.708699,Anand_Vihar,Anand Vihar,144.24,220.74,55.65,28.22,1.57,63.3,IDLE
2025-11-29T06:34:11.709823,Chandni_Chowk,Chandni Chowk,93.53,145.31,47.93,23.22,2.21,66.5,IDLE
2025-11-29T06:34:11.710817,Connaught_Place,Connaught Place,92.35,130.56,36.84,32.05,1.71,64.1,IDLE
2025-11-29T06:34:11.711692,Dwarka,Dwarka,150.1,214.53,43.14,34.02,2.9,68.3,ACTIVE
2025-11-29T06:34:11.712650,Gurugram,Gurugram,60.97,105.98,40.51,22.72,2.56,62.2,ACTIVE
2025-11-29T06:34:11.713551,Noida_Sector_62,Noida Sector 62,148.38,261.08,66.27,36.06,0.8,90.3,ACTIVE
2025-11-29T06:34:11.714427,Greater_Noida,Greater Noida,139.93,219.03,48.49,29.09,2.4,94.3,IDLE
2025-11-29T06:34:11.715490,Faridabad,Faridabad,62.47,100.73,46.98,37.35,1.12,91.4,IDLE
2025-11-29T06:34:11.716348,Ghaziabad,Ghaziabad,120.56,186.24,24.91,35.96,2.78,85.6,ACTIVE
2025-11-29T06:34:11.717243,Lodhi_Road,Lodhi Road,63.45,89.25,70.21,19.32,2.87,83.9,ACTIVE
2025-11-29T06:34:11.718169,Vasant_Kunj,Vasant Kunj,98.81,160.12,39.86,29.3,1.41,83.6,IDLE
2025-11-29T06:34:11.719469,Aravalli_Biodiversity_Park,Aravalli Biodiversity Park,27.97,53.5,19.47,8.48,0.36,84.3,IDLE
2025-11-29T06:34:11.720374,Sanjay_Van,Sanjay Van,20.11,24.25,19.48,6.3,0.96,95.4,IDLE
2025-11-29T06:34:16.724375,AIIMS_Delhi,AIIMS Delhi,73.26,128.65,66.72,10.83,0.5,66.2,ACTIVE
2025-11-29T06:34:16.725815,Anand_Vihar,Anand Vihar,167.16,253.23,76.12,13.11,1.89,65.8,ACTIVE
2025-11-29T06:34:16.726910,Chandni_Chowk,Chandni Chowk,83.03,144.04,43.96,32.95,0.89,69.7,IDLE
2025-11-29T06:34:16.727921,Connaught_Place,Connaught Place,141.97,253.82,74.87,17.05,1.21,67.2,ACTIVE
2025-11-29T06:34:16.728812,Dwarka,Dwarka,177.81,263.47,37.83,17.8,1.63,71.0,ACTIVE
2025-11-29T06:34:16.729819,Gurugram,Gurugram,160.93,265.61,50.09,21.59,0.54,64.3,ACTIVE
2025-11-29T06:34:16.730745,Noida_Sector_62,Noida Sector 62,76.07,122.23,55.16,25.59,2.6,93.9,ACTIVE
2025-11-29T06:34:16.731588,Greater_Noida,Greater Noida,103.6,182.72,72.66,16.12,1.48,96.6,ACTIVE
2025-11-29T06:34:16.732648,Faridabad,Faridabad,144.3,259.21,33.25,27.92,2.61,93.7,ACTIVE
2025-11-29T06:34:16.733647,Ghaziabad,Ghaziabad,83.02,125.68,50.13,32.22,1.16,87.8,IDLE
2025-11-29T06:34:16.734602,Lodhi_Road,Lodhi Road,117.97,206.84,34.46,36.19,1.62,87.8,IDLE
2025-11-29T06:34:16.735526,Vasant_Kunj,Vasant Kunj,143.9,207.85,38.68,39.9,1.53,86.4,IDLE
2025-11-29T06:34:16.736434,Aravalli_Biodiversity_Park,Aravalli Biodiversity Park,29.62,46.52,8.67,3.5,0.21,86.6,IDLE
2025-11-29T06:34:16.738008,Sanjay_Van,Sanjay Van,15.27,38.82,12.99,6.9,0.88,97.8,IDLE
